Title,Rarity,Image URL
Ancestral Recall,beta rare,http://magiccards.info/scans/en/be/48.jpg
Animate Wall,beta rare,http://magiccards.info/scans/en/be/186.jpg
Ankh of Mishra,beta rare,http://magiccards.info/scans/en/be/232.jpg
Armageddon,beta rare,http://magiccards.info/scans/en/be/187.jpg
Aspect of Wolf,beta rare,http://magiccards.info/scans/en/be/93.jpg
Bad Moon,beta rare,http://magiccards.info/scans/en/be/2.jpg
Badlands,beta rare,http://magiccards.info/scans/en/be/139.jpg
Balance,beta rare,http://magiccards.info/scans/en/be/188.jpg
Bayou,beta rare,http://magiccards.info/scans/en/be/279.jpg
Birds of Paradise,beta rare,http://magiccards.info/scans/en/be/95.jpg
Black Lotus,beta rare,http://magiccards.info/scans/en/be/234.jpg
Blaze of Glory,beta rare,http://magiccards.info/scans/en/be/191.jpg
Blessing,beta rare,http://magiccards.info/scans/en/be/192.jpg
Braingeyser,beta rare,http://magiccards.info/scans/en/be/51.jpg
Chaos Orb,beta rare,http://magiccards.info/scans/en/be/237.jpg
Chaoslace,beta rare,http://magiccards.info/scans/en/be/141.jpg
Clockwork Beast,beta rare,http://magiccards.info/scans/en/be/238.jpg
Cockatrice,beta rare,http://magiccards.info/scans/en/be/98.jpg
Contract from Below,beta rare,http://magiccards.info/scans/en/be/5.jpg
Copy Artifact,beta rare,http://magiccards.info/scans/en/be/54.jpg
Crusade,beta rare,http://magiccards.info/scans/en/be/202.jpg
Cyclopean Tomb,beta rare,http://magiccards.info/scans/en/be/242.jpg
Darkpact,beta rare,http://magiccards.info/scans/en/be/8.jpg
Deathlace,beta rare,http://magiccards.info/scans/en/be/10.jpg
Demonic Attorney,beta rare,http://magiccards.info/scans/en/be/11.jpg
Demonic Hordes,beta rare,http://magiccards.info/scans/en/be/12.jpg
Dingus Egg,beta rare,http://magiccards.info/scans/en/be/243.jpg
Disrupting Scepter,beta rare,http://magiccards.info/scans/en/be/244.jpg
Drain Power,beta rare,http://magiccards.info/scans/en/be/57.jpg
Earthquake,beta rare,http://magiccards.info/scans/en/be/148.jpg
Elvish Archers,beta rare,http://magiccards.info/scans/en/be/100.jpg
Farmstead,beta rare,http://magiccards.info/scans/en/be/205.jpg
Fastbond,beta rare,http://magiccards.info/scans/en/be/101.jpg
Force of Nature,beta rare,http://magiccards.info/scans/en/be/103.jpg
Forcefield,beta rare,http://magiccards.info/scans/en/be/245.jpg
Fork,beta rare,http://magiccards.info/scans/en/be/154.jpg
Fungusaur,beta rare,http://magiccards.info/scans/en/be/104.jpg
Gaea's Liege,beta rare,http://magiccards.info/scans/en/be/105.jpg
Gauntlet of Might,beta rare,http://magiccards.info/scans/en/be/246.jpg
Goblin King,beta rare,http://magiccards.info/scans/en/be/156.jpg
Granite Gargoyle,beta rare,http://magiccards.info/scans/en/be/157.jpg
Helm of Chatzuk,beta rare,http://magiccards.info/scans/en/be/248.jpg
Howling Mine,beta rare,http://magiccards.info/scans/en/be/249.jpg
Illusionary Mask,beta rare,http://magiccards.info/scans/en/be/251.jpg
Island Sanctuary,beta rare,http://magiccards.info/scans/en/be/211.jpg
Jade Monolith,beta rare,http://magiccards.info/scans/en/be/254.jpg
Jayemdae Tome,beta rare,http://magiccards.info/scans/en/be/256.jpg
Kormus Bell,beta rare,http://magiccards.info/scans/en/be/258.jpg
Kudzu,beta rare,http://magiccards.info/scans/en/be/113.jpg
Lich,beta rare,http://magiccards.info/scans/en/be/22.jpg
Lifelace,beta rare,http://magiccards.info/scans/en/be/116.jpg
Living Artifact,beta rare,http://magiccards.info/scans/en/be/117.jpg
Living Lands,beta rare,http://magiccards.info/scans/en/be/118.jpg
Lord of Atlantis,beta rare,http://magiccards.info/scans/en/be/63.jpg
Lord of the Pit,beta rare,http://magiccards.info/scans/en/be/23.jpg
Magical Hack,beta rare,http://magiccards.info/scans/en/be/64.jpg
Mahamoti Djinn,beta rare,http://magiccards.info/scans/en/be/65.jpg
Mana Flare,beta rare,http://magiccards.info/scans/en/be/164.jpg
Mana Short,beta rare,http://magiccards.info/scans/en/be/66.jpg
Mana Vault,beta rare,http://magiccards.info/scans/en/be/261.jpg
Manabarbs,beta rare,http://magiccards.info/scans/en/be/165.jpg
Meekstone,beta rare,http://magiccards.info/scans/en/be/262.jpg
Mind Twist,beta rare,http://magiccards.info/scans/en/be/24.jpg
Mox Emerald,beta rare,http://magiccards.info/scans/en/be/263.jpg
Mox Jet,beta rare,http://magiccards.info/scans/en/be/264.jpg
Mox Pearl,beta rare,http://magiccards.info/scans/en/be/265.jpg
Mox Ruby,beta rare,http://magiccards.info/scans/en/be/266.jpg
Mox Sapphire,beta rare,http://magiccards.info/scans/en/be/267.jpg
Natural Selection,beta rare,http://magiccards.info/scans/en/be/121.jpg
Nether Shadow,beta rare,http://magiccards.info/scans/en/be/25.jpg
Nevinyrral's Disk,beta rare,http://magiccards.info/scans/en/be/268.jpg
Nightmare,beta rare,http://magiccards.info/scans/en/be/27.jpg
Northern Paladin,beta rare,http://magiccards.info/scans/en/be/215.jpg
Personal Incarnation,beta rare,http://magiccards.info/scans/en/be/217.jpg
Pirate Ship,beta rare,http://magiccards.info/scans/en/be/71.jpg
Plateau,beta rare,http://magiccards.info/scans/en/be/292.jpg
Power Surge,beta rare,http://magiccards.info/scans/en/be/169.jpg
Purelace,beta rare,http://magiccards.info/scans/en/be/218.jpg
Raging River,beta rare,http://magiccards.info/scans/en/be/170.jpg
Reverse Damage,beta rare,http://magiccards.info/scans/en/be/221.jpg
Righteousness,beta rare,http://magiccards.info/scans/en/be/222.jpg
Roc of Kher Ridges,beta rare,http://magiccards.info/scans/en/be/172.jpg
Rock Hydra,beta rare,http://magiccards.info/scans/en/be/173.jpg
Royal Assassin,beta rare,http://magiccards.info/scans/en/be/32.jpg
Savannah,beta rare,http://magiccards.info/scans/en/be/293.jpg
Savannah Lions,beta rare,http://magiccards.info/scans/en/be/224.jpg
Scrubland,beta rare,http://magiccards.info/scans/en/be/294.jpg
Sedge Troll,beta rare,http://magiccards.info/scans/en/be/174.jpg
Shivan Dragon,beta rare,http://magiccards.info/scans/en/be/176.jpg
Sleight of Mind,beta rare,http://magiccards.info/scans/en/be/79.jpg
Smoke,beta rare,http://magiccards.info/scans/en/be/177.jpg
Stasis,beta rare,http://magiccards.info/scans/en/be/81.jpg
Sunglasses of Urza,beta rare,http://magiccards.info/scans/en/be/273.jpg
Taiga,beta rare,http://magiccards.info/scans/en/be/298.jpg
The Hive,beta rare,http://magiccards.info/scans/en/be/274.jpg
Thoughtlace,beta rare,http://magiccards.info/scans/en/be/83.jpg
Timber Wolves,beta rare,http://magiccards.info/scans/en/be/128.jpg
Time Vault,beta rare,http://magiccards.info/scans/en/be/276.jpg
Time Walk,beta rare,http://magiccards.info/scans/en/be/84.jpg
Timetwister,beta rare,http://magiccards.info/scans/en/be/85.jpg
Tropical Island,beta rare,http://magiccards.info/scans/en/be/299.jpg
Tundra,beta rare,http://magiccards.info/scans/en/be/300.jpg
Two-Headed Giant of Foriys,beta rare,http://magiccards.info/scans/en/be/181.jpg
Underground Sea,beta rare,http://magiccards.info/scans/en/be/301.jpg
Verduran Enchantress,beta rare,http://magiccards.info/scans/en/be/131.jpg
Vesuvan Doppelganger,beta rare,http://magiccards.info/scans/en/be/88.jpg
Veteran Bodyguard,beta rare,http://magiccards.info/scans/en/be/227.jpg
Volcanic Eruption,beta rare,http://magiccards.info/scans/en/be/89.jpg
Volcanic Island,beta rare,http://magiccards.info/scans/en/be/302.jpg
Warp Artifact,beta rare,http://magiccards.info/scans/en/be/42.jpg
Web,beta rare,http://magiccards.info/scans/en/be/137.jpg
Wheel of Fortune,beta rare,http://magiccards.info/scans/en/be/185.jpg
Will-O'-The-Wisp,beta rare,http://magiccards.info/scans/en/be/44.jpg
Winter Orb,beta rare,http://magiccards.info/scans/en/be/277.jpg
Word of Command,beta rare,http://magiccards.info/scans/en/be/45.jpg
Wrath of God,beta rare,http://magiccards.info/scans/en/be/231.jpg
Zombie Master,beta rare,http://magiccards.info/scans/en/be/46.jpg
Air Elemental,beta uncommon,http://magiccards.info/scans/en/be/47.jpg
Animate Artifact,beta uncommon,http://magiccards.info/scans/en/be/49.jpg
Animate Dead,beta uncommon,http://magiccards.info/scans/en/be/1.jpg
Basalt Monolith,beta uncommon,http://magiccards.info/scans/en/be/233.jpg
Berserk,beta uncommon,http://magiccards.info/scans/en/be/94.jpg
Black Knight,beta uncommon,http://magiccards.info/scans/en/be/3.jpg
Black Vise,beta uncommon,http://magiccards.info/scans/en/be/235.jpg
Black Ward,beta uncommon,http://magiccards.info/scans/en/be/190.jpg
Blue Ward,beta uncommon,http://magiccards.info/scans/en/be/193.jpg
Bog Wraith,beta uncommon,http://magiccards.info/scans/en/be/4.jpg
Burrowing,beta uncommon,http://magiccards.info/scans/en/be/140.jpg
Camouflage,beta uncommon,http://magiccards.info/scans/en/be/96.jpg
Castle,beta uncommon,http://magiccards.info/scans/en/be/194.jpg
Celestial Prism,beta uncommon,http://magiccards.info/scans/en/be/236.jpg
Channel,beta uncommon,http://magiccards.info/scans/en/be/97.jpg
Clone,beta uncommon,http://magiccards.info/scans/en/be/52.jpg
Consecrate Land,beta uncommon,http://magiccards.info/scans/en/be/200.jpg
Conservator,beta uncommon,http://magiccards.info/scans/en/be/239.jpg
Control Magic,beta uncommon,http://magiccards.info/scans/en/be/53.jpg
Conversion,beta uncommon,http://magiccards.info/scans/en/be/201.jpg
Copper Tablet,beta uncommon,http://magiccards.info/scans/en/be/240.jpg
Counterspell,beta uncommon,http://magiccards.info/scans/en/be/55.jpg
Crystal Rod,beta uncommon,http://magiccards.info/scans/en/be/241.jpg
Cursed Land,beta uncommon,http://magiccards.info/scans/en/be/6.jpg
Deathgrip,beta uncommon,http://magiccards.info/scans/en/be/9.jpg
Demonic Tutor,beta uncommon,http://magiccards.info/scans/en/be/13.jpg
Dragon Whelp,beta uncommon,http://magiccards.info/scans/en/be/143.jpg
Dwarven Demolition Team,beta uncommon,http://magiccards.info/scans/en/be/144.jpg
Earth Elemental,beta uncommon,http://magiccards.info/scans/en/be/146.jpg
Evil Presence,beta uncommon,http://magiccards.info/scans/en/be/16.jpg
Feedback,beta uncommon,http://magiccards.info/scans/en/be/58.jpg
Fire Elemental,beta uncommon,http://magiccards.info/scans/en/be/150.jpg
Flashfires,beta uncommon,http://magiccards.info/scans/en/be/153.jpg
Glasses of Urza,beta uncommon,http://magiccards.info/scans/en/be/247.jpg
Gloom,beta uncommon,http://magiccards.info/scans/en/be/19.jpg
Goblin Balloon Brigade,beta uncommon,http://magiccards.info/scans/en/be/155.jpg
Green Ward,beta uncommon,http://magiccards.info/scans/en/be/206.jpg
Hurricane,beta uncommon,http://magiccards.info/scans/en/be/109.jpg
Hypnotic Specter,beta uncommon,http://magiccards.info/scans/en/be/21.jpg
Ice Storm,beta uncommon,http://magiccards.info/scans/en/be/110.jpg
Icy Manipulator,beta uncommon,http://magiccards.info/scans/en/be/250.jpg
Instill Energy,beta uncommon,http://magiccards.info/scans/en/be/111.jpg
Iron Star,beta uncommon,http://magiccards.info/scans/en/be/252.jpg
Ivory Cup,beta uncommon,http://magiccards.info/scans/en/be/253.jpg
Jade Statue,beta uncommon,http://magiccards.info/scans/en/be/255.jpg
Juggernaut,beta uncommon,http://magiccards.info/scans/en/be/257.jpg
Karma,beta uncommon,http://magiccards.info/scans/en/be/212.jpg
Keldon Warlord,beta uncommon,http://magiccards.info/scans/en/be/162.jpg
Lance,beta uncommon,http://magiccards.info/scans/en/be/213.jpg
Ley Druid,beta uncommon,http://magiccards.info/scans/en/be/114.jpg
Library of Leng,beta uncommon,http://magiccards.info/scans/en/be/259.jpg
Lifeforce,beta uncommon,http://magiccards.info/scans/en/be/115.jpg
Lifetap,beta uncommon,http://magiccards.info/scans/en/be/62.jpg
Living Wall,beta uncommon,http://magiccards.info/scans/en/be/260.jpg
Lure,beta uncommon,http://magiccards.info/scans/en/be/120.jpg
Nettling Imp,beta uncommon,http://magiccards.info/scans/en/be/26.jpg
Obsianus Golem,beta uncommon,http://magiccards.info/scans/en/be/269.jpg
Orcish Artillery,beta uncommon,http://magiccards.info/scans/en/be/167.jpg
Orcish Oriflamme,beta uncommon,http://magiccards.info/scans/en/be/168.jpg
Phantasmal Forces,beta uncommon,http://magiccards.info/scans/en/be/68.jpg
Phantom Monster,beta uncommon,http://magiccards.info/scans/en/be/70.jpg
Psionic Blast,beta uncommon,http://magiccards.info/scans/en/be/75.jpg
Red Ward,beta uncommon,http://magiccards.info/scans/en/be/219.jpg
Regrowth,beta uncommon,http://magiccards.info/scans/en/be/123.jpg
Resurrection,beta uncommon,http://magiccards.info/scans/en/be/220.jpg
Rod of Ruin,beta uncommon,http://magiccards.info/scans/en/be/270.jpg
Sacrifice,beta uncommon,http://magiccards.info/scans/en/be/33.jpg
Scavenging Ghoul,beta uncommon,http://magiccards.info/scans/en/be/35.jpg
Sengir Vampire,beta uncommon,http://magiccards.info/scans/en/be/36.jpg
Serra Angel,beta uncommon,http://magiccards.info/scans/en/be/225.jpg
Simulacrum,beta uncommon,http://magiccards.info/scans/en/be/37.jpg
Siren's Call,beta uncommon,http://magiccards.info/scans/en/be/78.jpg
Sol Ring,beta uncommon,http://magiccards.info/scans/en/be/271.jpg
Soul Net,beta uncommon,http://magiccards.info/scans/en/be/272.jpg
Steal Artifact,beta uncommon,http://magiccards.info/scans/en/be/82.jpg
Stone Giant,beta uncommon,http://magiccards.info/scans/en/be/178.jpg
Swords to Plowshares,beta uncommon,http://magiccards.info/scans/en/be/226.jpg
Thicket Basilisk,beta uncommon,http://magiccards.info/scans/en/be/127.jpg
Throne of Bone,beta uncommon,http://magiccards.info/scans/en/be/275.jpg
Tsunami,beta uncommon,http://magiccards.info/scans/en/be/130.jpg
Tunnel,beta uncommon,http://magiccards.info/scans/en/be/180.jpg
Uthden Troll,beta uncommon,http://magiccards.info/scans/en/be/182.jpg
Wall of Air,beta uncommon,http://magiccards.info/scans/en/be/90.jpg
Wall of Bone,beta uncommon,http://magiccards.info/scans/en/be/41.jpg
Wall of Brambles,beta uncommon,http://magiccards.info/scans/en/be/132.jpg
Wall of Fire,beta uncommon,http://magiccards.info/scans/en/be/183.jpg
Wall of Ice,beta uncommon,http://magiccards.info/scans/en/be/133.jpg
Wall of Stone,beta uncommon,http://magiccards.info/scans/en/be/184.jpg
Wall of Swords,beta uncommon,http://magiccards.info/scans/en/be/228.jpg
Wall of Water,beta uncommon,http://magiccards.info/scans/en/be/91.jpg
Wanderlust,beta uncommon,http://magiccards.info/scans/en/be/135.jpg
Water Elemental,beta uncommon,http://magiccards.info/scans/en/be/92.jpg
White Knight,beta uncommon,http://magiccards.info/scans/en/be/229.jpg
White Ward,beta uncommon,http://magiccards.info/scans/en/be/230.jpg
Wooden Sphere,beta uncommon,http://magiccards.info/scans/en/be/278.jpg
Benalish Hero,beta common,http://magiccards.info/scans/en/be/189.jpg
Blue Elemental Blast,beta common,http://magiccards.info/scans/en/be/50.jpg
Circle of Protection: Black,beta common,http://magiccards.info/scans/en/be/195.jpg
Circle of Protection: Blue,beta common,http://magiccards.info/scans/en/be/196.jpg
Circle of Protection: Green,beta common,http://magiccards.info/scans/en/be/197.jpg
Circle of Protection: Red,beta common,http://magiccards.info/scans/en/be/198.jpg
Circle of Protection: White,beta common,http://magiccards.info/scans/en/be/199.jpg
Craw Wurm,beta common,http://magiccards.info/scans/en/be/99.jpg
Creature Bond,beta common,http://magiccards.info/scans/en/be/56.jpg
Dark Ritual,beta common,http://magiccards.info/scans/en/be/7.jpg
Death Ward,beta common,http://magiccards.info/scans/en/be/203.jpg
Disenchant,beta common,http://magiccards.info/scans/en/be/204.jpg
Disintegrate,beta common,http://magiccards.info/scans/en/be/142.jpg
Drain Life,beta common,http://magiccards.info/scans/en/be/14.jpg
Drudge Skeletons,beta common,http://magiccards.info/scans/en/be/15.jpg
Dwarven Warriors,beta common,http://magiccards.info/scans/en/be/145.jpg
Earthbind,beta common,http://magiccards.info/scans/en/be/147.jpg
False Orders,beta common,http://magiccards.info/scans/en/be/149.jpg
Fear,beta common,http://magiccards.info/scans/en/be/17.jpg
Fireball,beta common,http://magiccards.info/scans/en/be/151.jpg
Firebreathing,beta common,http://magiccards.info/scans/en/be/152.jpg
Flight,beta common,http://magiccards.info/scans/en/be/59.jpg
Fog,beta common,http://magiccards.info/scans/en/be/102.jpg
Frozen Shade,beta common,http://magiccards.info/scans/en/be/18.jpg
Giant Growth,beta common,http://magiccards.info/scans/en/be/106.jpg
Giant Spider,beta common,http://magiccards.info/scans/en/be/107.jpg
Gray Ogre,beta common,http://magiccards.info/scans/en/be/158.jpg
Grizzly Bears,beta common,http://magiccards.info/scans/en/be/108.jpg
Guardian Angel,beta common,http://magiccards.info/scans/en/be/207.jpg
Healing Salve,beta common,http://magiccards.info/scans/en/be/208.jpg
Hill Giant,beta common,http://magiccards.info/scans/en/be/159.jpg
Holy Armor,beta common,http://magiccards.info/scans/en/be/209.jpg
Holy Strength,beta common,http://magiccards.info/scans/en/be/210.jpg
Howl from Beyond,beta common,http://magiccards.info/scans/en/be/20.jpg
Hurloon Minotaur,beta common,http://magiccards.info/scans/en/be/160.jpg
Invisibility,beta common,http://magiccards.info/scans/en/be/60.jpg
Ironclaw Orcs,beta common,http://magiccards.info/scans/en/be/161.jpg
Ironroot Treefolk,beta common,http://magiccards.info/scans/en/be/112.jpg
Jump,beta common,http://magiccards.info/scans/en/be/61.jpg
Lightning Bolt,beta common,http://magiccards.info/scans/en/be/163.jpg
Llanowar Elves,beta common,http://magiccards.info/scans/en/be/119.jpg
Merfolk of the Pearl Trident,beta common,http://magiccards.info/scans/en/be/67.jpg
Mesa Pegasus,beta common,http://magiccards.info/scans/en/be/214.jpg
Mons's Goblin Raiders,beta common,http://magiccards.info/scans/en/be/166.jpg
Paralyze,beta common,http://magiccards.info/scans/en/be/28.jpg
Pearled Unicorn,beta common,http://magiccards.info/scans/en/be/216.jpg
Pestilence,beta common,http://magiccards.info/scans/en/be/29.jpg
Phantasmal Terrain,beta common,http://magiccards.info/scans/en/be/69.jpg
Plague Rats,beta common,http://magiccards.info/scans/en/be/30.jpg
Power Leak,beta common,http://magiccards.info/scans/en/be/72.jpg
Power Sink,beta common,http://magiccards.info/scans/en/be/73.jpg
Prodigal Sorcerer,beta common,http://magiccards.info/scans/en/be/74.jpg
Psychic Venom,beta common,http://magiccards.info/scans/en/be/76.jpg
Raise Dead,beta common,http://magiccards.info/scans/en/be/31.jpg
Red Elemental Blast,beta common,http://magiccards.info/scans/en/be/171.jpg
Regeneration,beta common,http://magiccards.info/scans/en/be/122.jpg
Samite Healer,beta common,http://magiccards.info/scans/en/be/223.jpg
Scathe Zombies,beta common,http://magiccards.info/scans/en/be/34.jpg
Scryb Sprites,beta common,http://magiccards.info/scans/en/be/124.jpg
Sea Serpent,beta common,http://magiccards.info/scans/en/be/77.jpg
Shanodin Dryads,beta common,http://magiccards.info/scans/en/be/125.jpg
Shatter,beta common,http://magiccards.info/scans/en/be/175.jpg
Sinkhole,beta common,http://magiccards.info/scans/en/be/38.jpg
Spell Blast,beta common,http://magiccards.info/scans/en/be/80.jpg
Stone Rain,beta common,http://magiccards.info/scans/en/be/179.jpg
Stream of Life,beta common,http://magiccards.info/scans/en/be/126.jpg
Terror,beta common,http://magiccards.info/scans/en/be/39.jpg
Tranquility,beta common,http://magiccards.info/scans/en/be/129.jpg
Twiddle,beta common,http://magiccards.info/scans/en/be/86.jpg
Unholy Strength,beta common,http://magiccards.info/scans/en/be/40.jpg
Unsummon,beta common,http://magiccards.info/scans/en/be/87.jpg
Wall of Wood,beta common,http://magiccards.info/scans/en/be/134.jpg
War Mammoth,beta common,http://magiccards.info/scans/en/be/136.jpg
Weakness,beta common,http://magiccards.info/scans/en/be/43.jpg
Wild Growth,beta common,http://magiccards.info/scans/en/be/138.jpg
